,Price,Address,City,bed,bath,SQFT
0,"$235,000",512Eberhart#206,AustinTX78745,1,1,832sq.ft
1,"$479,000",10900MickelsonDr,AustinTX78747,3,3,
2,"$325,000",11929GaelicDrive,AustinTX78754,2,2,
3,"$620,000",12708TierraGrandeTrail,AustinTX78732,2,2,"2,002sq.ft"
4,"$650,000",1819PiedmontAvenue,AustinTX78757,2,2,
5,"$398,000",9306HuntersTrce,AustinTX78758,2,2,
6,"$475,000",2627JonesRd,AustinTX78745,,,
7,"$675,000",51WhiteMagnoliaCIR51,AustinTX78734,2,2,"2,722sq.ft"
8,"$549,000",181RobertoDR17A,LakewayTX78734,2,2,"2,535sq.ft"
9,"$400,000",604NBluffDR126,AustinTX78745,2,2,"1,383sq.ft"
10,"$1,825,000",6100GenaCt,AustinTX78757,3,3,
11,"$459,900",417HackberryLn,AustinTX78753,,,
12,"$2,350,000",15012WHighway71,AustinTX78738,2,2,
13,"$899,000",1511BayHillDr,AustinTX78746,2,2,
14,"$624,900",16612CordilleraDrive,RoundRockTX78681,2,2,
15,"$439,000",3600SLamarBlvdUnit214,AustinTX78704,1,1,
16,"$360,000",3001CedarStUnitA-312,AustinTX78705,2,2,
17,"$665,000",5607MapleleafDrive,AustinTX78723,2,2,
18,"$750,000",2303FalkirkCove,RoundRockTX78681,3,3,"3,288sq.ft"
19,"$430,000",3820TailfeatherDrive,RoundRockTX78681,2,2,"3,239sq.ft"
20,"$799,000",9556IndigoBrushDR,AustinTX78726,3,3,"3,540sq.ft"
21,"$399,900",11100SeayStreet,AustinTX78754,2,2,"2,192sq.ft"
22,"$330,000",11000AndersonMillRoad14,AustinTX78750,2,2,"1,326sq.ft"
23,"$649,000",4700Destiny'sGateDr,AustinTX78727,3,3,
24,"$630,000",19ChandonLn,LakewayTX78734,3,3,
25,"$749,000",3006CovingtonPl,RoundRockTX78681,3,3,
26,"$575,000",12703PoquosonDr,AustinTX78727,2,2,
27,"$565,000",5505WoodrowAve,AustinTX78756,2,2,
28,"$400,000",8625WhiteIbisDr,AustinTX78729,2,2,
29,"$395,000","11391/2PoquitoStreet,4",AustinTX78702,1,1,624sq.ft
30,"$4,600,000",9104AtwaterCove,AustinTX78733,4,4,"6,413sq.ft"
31,"$455,000",12506FallenTowerLane,AustinTX78753,2,2,"2,348sq.ft"
32,"$1,000,000",1121SalinaStUnitB,AustinTX78702,2,2,
33,"$645,000",3501GraysonLn,AustinTX78722,1,1,
34,"$595,000",914E50thSt,AustinTX78751,1,1,
35,"$495,000",814StarkSt,AustinTX78756,1,1,
36,"$470,000",10117WillfieldDr,AustinTX78753,2,2,
37,"$549,000",10836AmblewoodWay,AustinTX78753,2,2,
38,"$1,995,000",1203E9thSt,AustinTX78702,1,1,
39,"$385,000",4008HighlandDr,AustinTX78734,1,1,
40,"$2,500,000",8701WUSHighway290,AustinTX78736,2,2,"2,373sq.ft"
41,"$2,500,000",8703WUSHighway290,AustinTX78736,2,2,"2,530sq.ft"
42,"$2,500,000",12011BucknerRD,AustinTX78726,4,4,"4,826sq.ft"
43,"$2,500,000",12011BucknerRD,AustinTX78726,4,4,"4,826sq.ft"
44,"$2,500,000",40WaterFrontAve,LakewayTX78734,5,5,"5,643sq.ft"
45,"$2,495,000",903KinneyAve,AustinTX78704,3,3,"3,476sq.ft"
46,"$2,495,000",TbdMorningGroveLN,BeeCaveTX78738,4,4,"4,505sq.ft"
47,"$2,490,000",8109BellanciaDR,AustinTX78738,4,4,"5,389sq.ft"
48,"$2,477,000",15505SuttonDR,AustinTX78734,1,1,500sq.ft
49,"$2,475,000",11411NFm620,AustinTX78726,3,3,"3,780sq.ft"
50,"$2,450,000",1910HollyHillDR,AustinTX78746,3,3,"3,242sq.ft"
51,"$2,425,000",409RoughHollowCV,AustinTX78734,4,4,"6,454sq.ft"
52,"$2,400,000",2010OxfordAve,AustinTX78704,4,4,"3,272sq.ft"
53,"$2,399,000",8116MagnoliaRidgeCV,AustinTX78738,5,5,"4,651sq.ft"
54,"$2,395,000",6004CaryDR,AustinTX78757,5,5,"3,502sq.ft"
55,"$2,395,000",546DelayneDR,AustinTX78737,4,4,"4,773sq.ft"
56,"$2,350,000",1906FrazierAve,AustinTX78704,2,2,"2,358sq.ft"
57,"$2,340,000",200CONGRESSAve16AC,AustinTX78701,3,3,"2,689sq.ft"
58,"$2,300,000",6001HoodHOLW,AustinTX78731,4,4,"5,427sq.ft"
59,"$2,250,000",1608JulietST,AustinTX78704,4,4,"2,928sq.ft"
60,"$1,450,000",4816PecanChase,AustinTX78736,,,
61,"$1,450,000",1410KarenAve,AustinTX78757,3,3,"2,494sq.ft"
62,"$1,450,000",10301IndigoBroomLOOP,AustinTX78733,4,4,"3,954sq.ft"
63,"$1,450,000",106GalaxyST,LakewayTX78734,4,4,"4,117sq.ft"
64,"$1,443,200",0DavyCrockettDR,AustinTX78737,,,
65,"$1,443,200",TbdDavyCrockettDR,AustinTX78737,,,
66,"$1,431,000",6108CapeCoralDR,AustinTX78746,3,3,"3,100sq.ft"
67,"$1,425,000",4601CrestwayDR,AustinTX78731,2,2,"2,118sq.ft"
68,"$1,400,000",44EastAve4105,AustinTX78701,3,3,"1,594sq.ft"
69,"$1,400,000",310RidgewoodRD,AustinTX78746,2,2,"1,801sq.ft"
70,"$1,400,000",2301S5thST11,AustinTX78704,3,3,"2,000sq.ft"
71,"$1,400,000",8213BellMountainDR,AustinTX78730,3,3,"3,303sq.ft"
72,"$1,400,000",400LunaVistaDr,TheHillsTX78738,4,4,"4,694sq.ft"
73,"$1,400,000",4606ConnellyST,AustinTX78751,14,14,"6,376sq.ft"
74,"$1,399,995",301WestAve2004,AustinTX78701,2,2,"1,474sq.ft"
75,"$1,399,000",11910UplandsRidgeDR,BeeCaveTX78738,3,3,"4,518sq.ft"
76,"$1,395,000",7438FireoakDR,AustinTX78759,4,4,"4,581sq.ft"
77,"$1,385,000",10820AlberoCV,AustinTX78739,4,4,"4,068sq.ft"
78,"$1,375,000",1513AlamedaDR,AustinTX78704,3,3,"2,015sq.ft"
79,"$1,359,000",1506HillmontST,AustinTX78704,2,2,"1,470sq.ft"
80,"$1,080,000",7201RunningRope,AustinTX78731,3,3,"2,643sq.ft"
81,"$1,075,000",2103EnfieldRD,AustinTX78703,,,"2,288sq.ft"
82,"$1,073,348",7116VicenzaDR,AustinTX78739,4,4,"4,485sq.ft"
83,"$1,070,000",12216LostwoodCIR,AustinTX78748,2,2,"3,345sq.ft"
84,"$1,065,000",313W17thST2101,AustinTX78701,2,2,"1,251sq.ft"
85,"$1,060,359",7301VicenzaDR,AustinTX78739,3,3,"3,640sq.ft"
86,"$1,050,000",6317GatoPATH,AustinTX78731,2,2,"2,562sq.ft"
87,"$1,050,000",1505ChipmunkRD,AustinTX78734,,,
88,"$1,050,000",3115ClawsonRD502,AustinTX78704,2,2,"1,932sq.ft"
89,"$1,050,000",612W33rdST,AustinTX78705,3,3,"2,316sq.ft"
90,"$1,050,000",8321LaPlataLOOP,AustinTX78737,3,3,"2,831sq.ft"
91,"$1,050,000",208AgaveBloomCV,AustinTX78738,4,4,"3,408sq.ft"
92,"$1,050,000",11509CoalwoodLn,AustinTX78739,3,3,"4,078sq.ft"
93,"$1,040,000",44EastAve1305,AustinTX78701,2,2,"1,232sq.ft"
94,"$1,032,281",7120VicenzaDR,AustinTX78739,4,4,"3,916sq.ft"
95,"$1,031,249",44EastAve1201,AustinTX78701,2,2,"1,293sq.ft"
96,"$1,000,000",12700RiverBND,AustinTX78732,,,
97,"$999,999",104CanyonRimDR,AustinTX78746,3,3,"3,177sq.ft"
98,"$999,990",3009MidwoodLN,RoundRockTX78681,4,4,"4,640sq.ft"
99,"$999,000",104E46thST,AustinTX78751,2,2,"1,666sq.ft"
100,"$890,000",820HiddenGlenDR,RoundRockTX78681,3,3,"3,860sq.ft"
101,"$885,000",10810SierraNevada,AustinTX78759,2,2,"2,398sq.ft"
102,"$880,000",1005RuthAve,AustinTX78757,2,2,"2,100sq.ft"
103,"$879,000",13406GalleriaCIR,AustinTX78738,3,3,"2,416sq.ft"
104,"$878,772",4315AttraST,AustinTX78723,2,2,"2,191sq.ft"
105,"$875,000",300BowieST607,AustinTX78703,2,2,983sq.ft
106,"$875,000",8315HathawayDRA,AustinTX78757,3,3,"2,003sq.ft"
107,"$875,000",5409BENNETTAve,AustinTX78751,4,4,"2,200sq.ft"
108,"$875,000",2902PearlST,AustinTX78705,2,2,"2,213sq.ft"
109,"$875,000",6401YauponDR,AustinTX78759,2,2,"2,306sq.ft"
110,"$875,000",10615SpicewoodPKWY,AustinTX78750,2,2,"2,527sq.ft"
111,"$875,000",3900DominionCV,AustinTX78759,3,3,"2,771sq.ft"
112,"$875,000",5702BarkerRidgeDR,AustinTX78759,4,4,"3,255sq.ft"
113,"$875,000",15412SpillmanRanchLOOP,AustinTX78738,3,3,"3,335sq.ft"
114,"$875,000",9540GracelandTRL,AustinTX78717,4,4,"3,439sq.ft"
115,"$875,000",12919NoyesLN,AustinTX78732,3,3,"3,475sq.ft"
116,"$875,000",276ClearPondCV,AustinTX78737,3,3,"3,650sq.ft"
117,"$875,000",1720WestEndPL,RoundRockTX78681,4,4,"3,902sq.ft"
118,"$874,995",11831MesaVerdeDR,AustinTX78737,3,3,"3,061sq.ft"
119,"$870,000",48EastAve1909,AustinTX78701,2,2,982sq.ft
120,"$795,000",11100ChateauHill,AustinTX78750,2,2,"2,511sq.ft"
121,"$795,000",6507NortheastDR,AustinTX78723,2,2,"2,894sq.ft"
122,"$790,000",10212ShivelyLN,AustinTX78747,3,3,"3,800sq.ft"
123,"$789,000",2500RioMesaDR,AustinTX78732,3,3,"3,248sq.ft"
124,"$789,000",9808NandinaCV,AustinTX78726,3,3,"3,513sq.ft"
125,"$785,900",5908OsceolaTRL,AustinTX78738,4,4,"4,199sq.ft"
126,"$785,000",5516LinkAve,AustinTX78751,3,3,"1,800sq.ft"
127,"$785,000",3117E51stST4,AustinTX78723,2,2,"1,900sq.ft"
128,"$785,000",4802WestWindTRL,AustinTX78745,,,"2,912sq.ft"
129,"$782,900",6112AntelopeWellLN,AustinTX78738,4,4,"4,199sq.ft"
130,"$780,000",10715SignalHillRD,AustinTX78737,3,3,"1,920sq.ft"
131,"$780,000",701NaplesLN,AustinTX78737,3,3,"3,860sq.ft"
132,"$779,000",111TallstarDR,LakewayTX78734,2,2,"2,275sq.ft"
133,"$779,000",2501WSlaughterLN,AustinTX78748,,,"3,752sq.ft"
134,"$777,900",5825AntelopeWellLN,AustinTX78738,3,3,"3,435sq.ft"
135,"$775,000",3103WhitewayDR,AustinTX78757,2,2,"1,730sq.ft"
136,"$775,000",11100ReadvillLN,AustinTX78739,2,2,"2,294sq.ft"
137,"$775,000",11501CitrusCV,AustinTX78750,2,2,"2,298sq.ft"
138,"$775,000",10221CamaValleyCV,AustinTX78739,2,2,"2,385sq.ft"
139,"$775,000",15206KevinLN,AustinTX78734,3,3,"2,955sq.ft"
140,"$700,000",5011WindingTRL,AustinTX78745,2,2,"2,342sq.ft"
141,"$700,000",410WSaintJohnsAve,AustinTX78752,1,1,792sq.ft
142,"$700,000",8104PampasCV,AustinTX78750,2,2,"2,188sq.ft"
143,"$700,000",3933TavarezST,RoundRockTX78681,2,2,"2,271sq.ft"
144,"$700,000",8110RichardKingTRL,AustinTX78749,2,2,"2,760sq.ft"
145,"$700,000",9905BrandywineCIR,AustinTX78750,2,2,"2,762sq.ft"
146,"$700,000",6201BackBayLN,AustinTX78739,3,3,"2,971sq.ft"
147,"$700,000",1176OakGroveAve,AustinTX78702,3,3,"3,000sq.ft"
148,"$700,000",105MelodyST,LakewayTX78734,2,2,"3,013sq.ft"
149,"$700,000",109BrisaBendWAY,RoundRockTX78681,3,3,"3,159sq.ft"
150,"$700,000",8603SeaAshCIR,RoundRockTX78681,3,3,"3,408sq.ft"
151,"$699,990",8008ParkdaleDR,AustinTX78757,2,2,"1,627sq.ft"
152,"$699,900",1202NorthSt,AustinTX78756,2,2,"1,366sq.ft"
153,"$699,900",11601BellAve,AustinTX78759,2,2,"1,625sq.ft"
154,"$699,900",4305MalagaDR,AustinTX78759,2,2,"2,011sq.ft"
155,"$699,900",6210LanghamST,AustinTX78741,3,3,"2,516sq.ft"
156,"$699,900",3309ThomasKincheonST,AustinTX78745,,,"3,040sq.ft"
157,"$699,900",4904BigTrailCIR,AustinTX78759,2,2,"3,364sq.ft"
158,"$699,899",4225PasadaLN,RoundRockTX78681,2,2,"2,507sq.ft"
159,"$699,000",2007GardenSTB,AustinTX78702,2,2,868sq.ft
160,"$650,000",7201BreezyPassCV,AustinTX78749,2,2,"2,615sq.ft"
161,"$650,000",9503WoodshireDR,AustinTX78748,2,2,"2,760sq.ft"
162,"$650,000",17029CapriIsleLN,AustinTX78717,3,3,"2,897sq.ft"
163,"$650,000",11516ReadingWAY,AustinTX78717,2,2,"2,906sq.ft"
164,"$650,000",3904DerbyCV,RoundRockTX78681,2,2,"3,022sq.ft"
165,"$650,000",1429HargisCreekTRL,AustinTX78717,2,2,"3,670sq.ft"
166,"$650,000",1907HearthstoneDR,AustinTX78757,,,"4,050sq.ft"
167,"$650,000",1909HearthstoneDR,AustinTX78757,,,"4,050sq.ft"
168,"$649,999",15800PearsonBrothersDR,AustinTX78717,3,3,"2,745sq.ft"
169,"$649,900",1400SalemMeadowCIR,AustinTX78745,2,2,"1,958sq.ft"
170,"$649,900",6616LlanoStageTRL,AustinTX78738,3,3,"2,350sq.ft"
171,"$649,900",3112FoxHollowST,RoundRockTX78681,3,3,"2,724sq.ft"
172,"$649,117",4411HannoverWAY,RoundRockTX78681,3,3,"2,299sq.ft"
173,"$649,000",2006PennsylvaniaAveB,AustinTX78702,2,2,"1,301sq.ft"
174,"$649,000",2802CrestAveA,AustinTX78702,2,2,"1,704sq.ft"
175,"$649,000",8704MelshireDR,AustinTX78757,2,2,"1,906sq.ft"
176,"$649,000",6018AbileneTRL,AustinTX78749,2,2,"2,348sq.ft"
177,"$648,300",2608HilltopST,RoundRockTX78681,2,2,"2,043sq.ft"
178,"$645,067",4415HannoverWAY,RoundRockTX78681,2,2,"2,181sq.ft"
179,"$644,935",4413VaughanSTE,AustinTX78723,2,2,"1,601sq.ft"
180,"$599,000",9301McknightLOOP2,AustinTX78717,2,2,"1,976sq.ft"
181,"$599,000",5405ManorRD,AustinTX78723,2,2,"2,006sq.ft"
182,"$599,000",225TheHillsDr2,TheHillsTX78738,2,2,"2,086sq.ft"
183,"$599,000",7124BoyleDR,AustinTX78724,2,2,"2,193sq.ft"
184,"$599,000",8204WilliamsonCreekDR,AustinTX78736,2,2,"2,250sq.ft"
185,"$599,000",414Eagle,LakewayTX78734,2,2,"2,273sq.ft"
186,"$599,000",12603BeaconsdaleCIR,AustinTX78727,2,2,"2,277sq.ft"
187,"$599,000",8213ForestHeightsLN,AustinTX78749,2,2,"2,353sq.ft"
188,"$599,000",12815PoquosonDR,AustinTX78727,2,2,"2,363sq.ft"
189,"$599,000",109CartwheelBND48,AustinTX78738,2,2,"2,427sq.ft"
190,"$599,000",10417WalpoleLn,AustinTX78739,2,2,"2,485sq.ft"
191,"$595,000",2108TilleryST10,AustinTX78723,2,2,"1,528sq.ft"
192,"$595,000",3848BroadwayPATH,RoundRockTX78681,3,3,"2,525sq.ft"
193,"$595,000",15905FennimoreCV,AustinTX78717,3,3,"2,966sq.ft"
194,"$594,000",606WLynnST29,AustinTX78703,2,2,"1,150sq.ft"
195,"$590,000",48EEastAve2707,AustinTX78701,1,1,699sq.ft
196,"$590,000",7301LunarDR,AustinTX78745,2,2,"1,550sq.ft"
197,"$590,000",7203BillHughesRD,AustinTX78745,2,2,"1,558sq.ft"
198,"$589,000",4910TomahawkTRL,AustinTX78745,2,2,"2,616sq.ft"
199,"$587,532",4319HoodParkDR,RoundRockTX78681,3,3,"2,694sq.ft"
200,"$549,900",904AcornOaksDR,AustinTX78745,3,3,"2,130sq.ft"
201,"$549,900",8319ColumbiaFallsDR,RoundRockTX78681,2,2,"2,345sq.ft"
202,"$549,900",11934BitternHOLW,AustinTX78758,2,2,"2,392sq.ft"
203,"$549,900",1417KramerLN20,AustinTX78758,3,3,"2,600sq.ft"
204,"$549,900",16920TidewaterCV,AustinTX78717,2,2,"2,910sq.ft"
205,"$549,500",555E5thST527,AustinTX78701,1,1,"1,520sq.ft"
206,"$549,000",12545MesaVerdeDR,AustinTX78737,2,2,"2,252sq.ft"
207,"$549,000",10412WTurnbullLOOPE33,AustinTX78717,2,2,"2,275sq.ft"
208,"$549,000",14909TexasST,AustinTX78734,2,2,"2,300sq.ft"
209,"$549,000",4313ArquesAve,RoundRockTX78681,3,3,"2,456sq.ft"
210,"$547,500",6020SpringdaleRD22,AustinTX78723,2,2,"1,595sq.ft"
211,"$545,000",12709CinchringLN,AustinTX78727,2,2,"2,263sq.ft"
212,"$545,000",8007BuckshotTRL,AustinTX78729,2,2,"2,568sq.ft"
213,"$545,000",16715MarsalaSpringsDR,RoundRockTX78681,3,3,"2,982sq.ft"
214,"$543,438",2108TilleryST1,AustinTX78723,2,2,"1,528sq.ft"
215,"$540,000",911StobaughST2,AustinTX78757,2,2,"1,116sq.ft"
216,"$540,000",6501AlleytonDR,AustinTX78725,2,2,"1,695sq.ft"
217,"$539,990",8315HathawayDRB,AustinTX78757,2,2,"1,098sq.ft"
218,"$537,600",2108TilleryST9,AustinTX78723,2,2,"1,528sq.ft"
219,"$537,000",203WSaintJohnsAve,AustinTX78752,2,2,"1,280sq.ft"
220,"$499,990",210SumaltGap,LakewayTX78738,2,2,"1,967sq.ft"
221,"$499,900",222WestAve1708,AustinTX78701,1,1,688sq.ft
222,"$499,900",2603ShilohDR,AustinTX78745,2,2,"1,420sq.ft"
223,"$499,900",6710LancretHillDR,AustinTX78745,2,2,"1,470sq.ft"
224,"$499,900",7207SBrookDR,AustinTX78736,2,2,"1,525sq.ft"
225,"$499,900",11214WindermereMDW,AustinTX78759,2,2,"1,599sq.ft"
226,"$499,900",6106ProvencialCV,AustinTX78724,2,2,"1,876sq.ft"
227,"$499,900",10306CaracaraDR,AustinTX78750,2,2,"2,053sq.ft"
228,"$499,900",6704MenchacaRD43,AustinTX78745,2,2,"2,102sq.ft"
229,"$499,900",4301LeslieAve,AustinTX78721,2,2,"2,160sq.ft"
230,"$499,900",14937PurslaneMeadowTRL,AustinTX78728,2,2,"2,221sq.ft"
231,"$499,500",8500GlenCanyonDR,RoundRockTX78681,2,2,"2,163sq.ft"
232,"$499,000",2105YellowJacketLN,AustinTX78741,,,
233,"$499,000",2105ScottLn,AustinTX78734,,,
234,"$499,000",2105YellowJacketLN,AustinTX78741,1,1,600sq.ft
235,"$499,000",222WestAve1109,AustinTX78701,1,1,685sq.ft
236,"$499,000",301RobertTMartinezJrST,AustinTX78702,1,1,994sq.ft
237,"$499,000",1305CaseySTB,AustinTX78745,2,2,"1,470sq.ft"
238,"$499,000",2705CharlesworthDR,AustinTX78745,2,2,"1,472sq.ft"
239,"$499,000",13508RedEgretDR,AustinTX78729,2,2,"1,506sq.ft"
240,"$470,000",13000BloomingtonDrivePlan:Braford,AustinTX78748,2,2,"2,274sq.ft"
241,"$470,000",6013BoyceLN,AustinTX78754,2,2,"2,684sq.ft"
242,"$469,990",12217CoronillaBND,AustinTX78748,4,4,"2,513sq.ft"
243,"$469,900",4011LillianLN,AustinTX78749,2,2,"1,382sq.ft"
244,"$469,420",6904CherryMeadowDR,AustinTX78745,1,1,"1,315sq.ft"
245,"$469,000",12124VerchotaDR,AustinTX78748,2,2,"1,868sq.ft"
246,"$469,000",4105PresidioLN,RoundRockTX78681,2,2,"2,292sq.ft"
247,"$468,490",2205AlamoHeightsAvenue,AustinTX78754,2,2,"2,088sq.ft"
248,"$465,001",3451MayfieldRanchBLVD705,RoundRockTX78681,3,3,"2,474sq.ft"
249,"$465,000",1818SLakeshoreBLVD2,AustinTX78741,1,1,770sq.ft
250,"$465,000",1507CoronaDR,AustinTX78723,1,1,"1,109sq.ft"
251,"$465,000",6003MarigoldTER,AustinTX78741,1,1,"1,120sq.ft"
252,"$465,000",555E5thST719,AustinTX78701,1,1,"1,178sq.ft"
253,"$465,000",1938HollyHillDR9,AustinTX78746,1,1,"1,220sq.ft"
254,"$465,000",40NEInterstate354D2,AustinTX78701,2,2,"1,360sq.ft"
255,"$465,000",2701SebringCirclePlan:Galloway,AustinTX78747,2,2,"1,690sq.ft"
256,"$465,000",13000BloomingtonDrivePlan:Randall,AustinTX78748,2,2,"1,848sq.ft"
257,"$463,990",10928DefenderTrailPlan:KingstonII,AustinTX78754,2,2,"2,088sq.ft"
258,"$460,000",1704E32ndST,AustinTX78722,1,1,"1,091sq.ft"
259,"$460,000",4804OakCliffDR,AustinTX78721,2,2,"1,300sq.ft"
260,"$439,900",1417KramerLN22,AustinTX78758,3,3,"1,964sq.ft"
261,"$439,550",8900CattaloLN,AustinTX78747,3,3,"1,533sq.ft"
262,"$439,000",9906WillersWAY,AustinTX78748,2,2,"1,813sq.ft"
263,"$439,000",4000RanchRoad6208,AustinTX78734,2,2,"1,881sq.ft"
264,"$439,000",12016TimberHeightsDR,AustinTX78754,2,2,"2,099sq.ft"
265,"$438,500",5624LittleTheaterBND,AustinTX78747,2,2,"1,875sq.ft"
266,"$437,990",10928DefenderTrailPlan:ElginII,AustinTX78754,2,2,"1,659sq.ft"
267,"$436,990",10014BadenLanePlan:TheGrandCanyon,AustinTX78754,2,2,"2,367sq.ft"
268,"$435,600",5417BlueBirdLN2,AustinTX78745,2,2,"1,079sq.ft"
269,"$435,000",13000BloomingtonDrivePlan:Kerry,AustinTX78748,2,2,"1,549sq.ft"
270,"$435,000",12109NTerrazaRDTH66,AustinTX78726,3,3,"2,233sq.ft"
271,"$434,990",10014BadenLanePlan:TheRoosevelt,AustinTX78754,3,3,"2,320sq.ft"
272,"$434,700",6020SpringdaleRD17,AustinTX78723,2,2,"1,595sq.ft"
273,"$430,000",1140NorthwesternAve,AustinTX78702,,,
274,"$430,000",1103ColonyNorthDR,AustinTX78758,2,2,"1,422sq.ft"
275,"$430,000",1513ArialDR,AustinTX78753,2,2,"1,884sq.ft"
276,"$430,000",1920O'CallahanDR,AustinTX78748,2,2,"2,026sq.ft"
277,"$430,000",8314PalacePKWY,AustinTX78748,2,2,"2,103sq.ft"
278,"$430,000",3820TailfeatherDR,RoundRockTX78681,2,2,"3,239sq.ft"
279,"$429,900",300CrockettST106,AustinTX78704,2,2,"1,239sq.ft"
280,"$395,990",8325CityTopBoulevardPlan:ThePioneer,AustinTX78724,2,2,"1,461sq.ft"
281,"$395,000",3010SiskinDR,AustinTX78745,2,2,"1,027sq.ft"
282,"$395,000",501W26thST107,AustinTX78705,2,2,"1,040sq.ft"
283,"$395,000",1012Milford,AustinTX78745,2,2,"1,197sq.ft"
284,"$395,000",207WElliottST,AustinTX78753,1,1,"1,330sq.ft"
285,"$395,000",8701EscarpmentBLVD94,AustinTX78749,2,2,"1,415sq.ft"
286,"$395,000",10805HammondsST,AustinTX78747,2,2,"2,042sq.ft"
287,"$394,990",10014BadenLanePlan:TheRedwoodII,AustinTX78754,2,2,"1,514sq.ft"
288,"$394,000",10111DobbinDR,AustinTX78748,,,
289,"$393,990",10014BadenLanePlan:TheJefferson,AustinTX78754,2,2,"1,512sq.ft"
290,"$393,990",8325CityTopBoulevardPlan:TheDenali,AustinTX78724,2,2,"1,813sq.ft"
291,"$390,000",2500LongviewST220,AustinTX78705,1,1,818sq.ft
292,"$390,000",310NorthfieldST,RoundRockTX78681,2,2,"1,916sq.ft"
293,"$389,900",12101SunderlandDR,AustinTX78753,2,2,"1,764sq.ft"
294,"$389,900",2502LeonST501,AustinTX78705,2,2,"1,036sq.ft"
295,"$389,000",9102ShepardDR,AustinTX78753,2,2,"1,247sq.ft"
296,"$389,000",811SussexDR,AustinTX78745,2,2,"1,332sq.ft"
297,"$389,000",7124OutfitterDR,AustinTX78744,2,2,"1,705sq.ft"
298,"$389,000",2001RockCreekDR,RoundRockTX78681,2,2,"2,080sq.ft"
299,"$386,990",10014BadenLanePlan:TheWashington,AustinTX78754,2,2,"1,400sq.ft"
300,"$350,000",1804GraveyardPointRD,AustinTX78734,1,1,"1,472sq.ft"
301,"$350,000",12283AbbeyGlenLN,AustinTX78753,2,2,"2,028sq.ft"
302,"$349,999",5820AbbyAnnLN,AustinTX78747,2,2,"1,364sq.ft"
303,"$349,990",3101DavisLN6803,AustinTX78748,2,2,"1,473sq.ft"
304,"$349,900",10505MarshitahsWAY,AustinTX78748,1,1,"1,054sq.ft"
305,"$349,900",12212BrigadoonLN141,AustinTX78727,2,2,"1,317sq.ft"
306,"$349,900",2632CenturyParkBLVD61,AustinTX78727,2,2,"1,540sq.ft"
307,"$349,000",15409ArmstrongAve,AustinTX78724,2,2,"2,400sq.ft"
308,"$348,990",DiamondleafBendPlan:TheRosemont,AustinTX78724,3,3,"2,733sq.ft"
309,"$347,990",5709BerriweatherDrive,AustinTX78724,2,2,"1,832sq.ft"
310,"$347,500",2100PipersFieldDR7,AustinTX78758,2,2,"1,300sq.ft"
311,"$346,995",2108TilleryST12,AustinTX78723,1,1,585sq.ft
312,"$346,990",13101BrahminDrivePlan:TheJustin,AustinTX78724,2,2,"1,832sq.ft"
313,"$345,000",2108TilleryST15,AustinTX78723,1,1,585sq.ft
314,"$345,000",2108TilleryST14,AustinTX78723,1,1,585sq.ft
315,"$345,000",2505SanGabrielST308,AustinTX78705,2,2,879sq.ft
316,"$345,000",5816RoderickDR,AustinTX78724,2,2,"1,657sq.ft"
317,"$344,900",12707LaSalleDR,AustinTX78727,1,1,"1,168sq.ft"
318,"$343,990",13101BrahminDrivePlan:TheIrvine,AustinTX78724,2,2,"1,796sq.ft"
319,"$343,990",DiamondleafBendPlan:TheQuincy,AustinTX78724,3,3,"2,656sq.ft"
320,"$299,000",7114ThannasWAY,AustinTX78744,2,2,"1,442sq.ft"
321,"$295,000",4513SecureLN,AustinTX78725,2,2,"1,300sq.ft"
322,"$295,000",2500LongviewST213,AustinTX78705,1,1,572sq.ft
323,"$295,000",7105TreasureCV13,AustinTX78745,2,2,916sq.ft
324,"$295,000",935LaPosadaDR145,AustinTX78752,2,2,"1,030sq.ft"
325,"$295,000",4620SendaLN,AustinTX78725,2,2,"1,293sq.ft"
326,"$295,000",4604CypressBND,AustinTX78744,2,2,"1,343sq.ft"
327,"$293,990",DiamondleafBendPlan:TheBellvue,AustinTX78724,2,2,"1,415sq.ft"
328,"$291,000",7903PersimmonTRL,AustinTX78745,,,
329,"$290,000",2500LongviewST112,AustinTX78705,1,1,572sq.ft
330,"$290,000",1009MarkhamLaneA,AustinTX78753,2,2,989sq.ft
331,"$289,999",6000ShepherdMountainCV313,AustinTX78730,2,2,918sq.ft
332,"$289,900",2409LeonST108,AustinTX78705,2,2,901sq.ft
333,"$289,500",715W22nd1/2ST303,AustinTX78705,1,1,682sq.ft
334,"$287,700",12291AbbeyGlenLn,AustinTX78753,2,2,"1,749sq.ft"
335,"$285,990",6900ERiversideDR14,AustinTX78741,2,2,"1,312sq.ft"
336,"$285,000",1748OhlenRD87,AustinTX78757,2,2,"1,194sq.ft"
337,"$284,500",2706SaladoST201,AustinTX78705,2,2,740sq.ft
338,"$280,000",12166MetricBLVD271,AustinTX78758,2,2,"1,004sq.ft"
339,"$280,000",1900ScofieldRidgePKWY5001,AustinTX78727,1,1,"1,089sq.ft"
340,"$175,000",2220WebbervilleRD222,AustinTX78702,1,1,398sq.ft
341,"$174,950",601NelrayBLVD9,AustinTX78751,1,1,390sq.ft
342,"$170,000",601NelrayBLVD8,AustinTX78751,1,1,390sq.ft
343,"$165,000",1015EYagerLN160,AustinTX78753,1,1,565sq.ft
344,"$150,000",4209ImperialDR,AustinTX78725,,,
345,"$135,000",4204KingsCT,AustinTX78725,,,
346,"$125,000",2701BurlesonRDB,AustinTX78741,,,
347,"$105,000",14506HuntersPASS,AustinTX78734,,,
348,"$105,000",14502HuntersPASS,AustinTX78734,,,
349,"$95,000",4102LowerDR,AustinTX78725,,,
350,"$95,000",3802LowerDR,AustinTX78725,,,
351,"$95,000",2502DouglasST,AustinTX78741,,,
352,"$80,000",4808BrookCreekCV,AustinTX78744,,,
